,Men,Women,chisq,chisq_p
Main data,2278,2298,22.5573251552401,2.03965324617301e-06
Abroad after PhD,222,130,22.5573251552401,2.03965324617301e-06
